cliente_id,razon_social,segmento,rubro,provincia,fecha_alta,cantidad_empleados,score_externo,limite_credito,plazo_pago_dias,vendedor
1,Grupo del Sur S.A.S.,PyME,Consumo masivo,Santa Fe,2025-08-03,40,650,20000000.0,30,Martín
2,Logística Atlas S.R.L.,PyME,Gastronomía,Mendoza,2019-02-01,31,732,15000000.0,60,Martín
3,Grupo Norte S.A.S.,PyME,Automotriz,Neuquén,2019-02-18,25,691,20000000.0,30,Martín
4,Industrias Norte S.A.,Agencia,Gastronomía,CABA,2020-05-14,20,548,5000000.0,60,Diego
5,Importadora Vértice S.R.L.,PyME,Automotriz,Córdoba,2026-06-23,135,707,20000000.0,60,Lucía
6,Industrias Patagonia S.R.L.,PyME,Consumo masivo,Tucumán,2023-08-13,5,491,8000000.0,45,Valentina
7,Industrias Faro S.A.,Corporativo,Salud,Tucumán,2020-09-13,1686,707,50000000.0,90,Lucía
8,Logística Nexo S.R.L.,Revendedor,Agro,CABA,2018-09-20,16,697,2000000.0,30,Martín
9,Consultora Río S.A.S.,Revendedor,Agro,CABA,2022-07-26,32,630,5000000.0,0,Martín
10,Logística Delta S.R.L.,PyME,Consumo masivo,Buenos Aires,2019-02-06,118,869,8000000.0,30,Martín
11,Logística del Sur S.R.L.,PyME,Construcción,CABA,2025-06-04,78,497,5000000.0,0,Sofía
12,Importadora Andina S.A.S.,Revendedor,Educación,CABA,2020-10-05,38,440,5000000.0,15,Diego
13,Industrias Andina S.A.,PyME,Educación,Mendoza,2020-05-23,30,681,20000000.0,60,Sofía
14,Grupo Órbita S.A.,PyME,Construcción,,2020-04-13,58,698,5000000.0,0,Lucía
15,Comercial Cumbre S.A.S.,Agencia,Retail,Santa Fe,2025-10-01,10,326,5000000.0,60,Valentina
16,Comercial Austral S.A.,Revendedor,Servicios financieros,Tucumán,2026-04-05,13,733,8000000.0,15,Lucía
17,Agencia Austral S.A.,Agencia,Servicios financieros,CABA,2021-02-17,20,765,8000000.0,0,Diego
18,Importadora Prisma S.A.,PyME,Tecnología,Buenos Aires,2025-12-13,53,666,10000000.0,60,Lucía
19,Consultora Central S.A.S.,PyME,Servicios financieros,Buenos Aires,2020-02-25,80,718,10000000.0,30,Diego
20,Estudio Cumbre S.A.S.,PyME,Gastronomía,Neuquén,2021-03-08,48,640,8000000.0,0,Sofía
21,Estudio Horizonte S.A.S.,PyME,Automotriz,Buenos Aires,2019-08-28,131,584,20000000.0,30,Valentina
22,Importadora Atlas S.R.L.,PyME,Servicios financieros,CABA,2023-01-01,114,772,8000000.0,0,Lucía
23,Consultora Andina S.A.,PyME,Retail,CABA,2018-09-21,44,756,20000000.0,0,Diego
24,Consultora Órbita S.A.S.,Revendedor,Retail,CABA,2023-06-13,29,767,8000000.0,45,Martín
25,Estudio Delta S.A.,PyME,Salud,CABA,2021-10-14,59,,10000000.0,60,Martín
26,Distribuidora Ceibo S.A.,PyME,Retail,CABA,2023-03-20,34,559,8000000.0,45,Diego
27,Agencia Andina S.A.S.,Agencia,Construcción,Santa Fe,2025-09-03,9,570,3000000.0,30,Diego
28,Comercial Prisma S.A.S.,PyME,Construcción,Mendoza,2026-03-14,128,560,8000000.0,30,Diego
29,Agencia Nexo S.R.L.,PyME,Servicios financieros,Córdoba,2023-10-18,75,615,10000000.0,60,Diego
30,Consultora Prisma S.R.L.,PyME,Automotriz,Neuquén,2021-01-14,89,732,8000000.0,30,Valentina
31,Servicios Patagonia S.A.,PyME,Agro,CABA,2025-12-10,50,659,15000000.0,30,Sofía
32,Grupo Vértice S.R.L.,Corporativo,Gastronomía,Buenos Aires,2024-04-24,2778,729,120000000.0,90,Sofía
33,Agencia Pampa S.R.L.,Agencia,Salud,Santa Fe,2018-11-04,14,866,5000000.0,60,Diego
34,Comercial Litoral S.A.,Corporativo,Consumo masivo,Buenos Aires,2021-03-28,879,777,120000000.0,90,Sofía
35,Agencia Brújula S.A.S.,Revendedor,Construcción,CABA,2026-06-25,4,707,8000000.0,30,Lucía
36,Logística Faro S.R.L.,Agencia,Agro,Santa Fe,2018-12-27,5,758,3000000.0,45,Sofía
37,Agencia Litoral S.A.S.,Corporativo,Automotriz,Córdoba,2019-05-13,1379,846,50000000.0,45,Lucía
38,Agencia Cumbre S.A.S.,Corporativo,Servicios financieros,Buenos Aires,2018-10-13,980,815,30000000.0,45,Valentina
39,Consultora Vértice S.R.L.,Revendedor,Construcción,CABA,2020-08-14,26,775,2000000.0,45,Diego
40,Comercial Andina S.R.L.,Agencia,Salud,Tucumán,2025-04-15,42,800,3000000.0,15,Sofía
41,Logística Patagonia S.A.S.,Agencia,Salud,Buenos Aires,2018-04-29,13,873,5000000.0,45,Diego
42,Importadora Río S.A.,PyME,Tecnología,Mendoza,2023-03-21,122,813,10000000.0,15,Martín
43,Logística Brújula S.R.L.,PyME,Construcción,CABA,2021-01-29,10,933,8000000.0,60,Sofía
44,Distribuidora Central S.R.L.,Corporativo,Salud,CABA,2021-08-31,1694,797,120000000.0,90,Diego
45,Consultora Nexo S.A.,Agencia,Educación,Santa Fe,2023-02-06,37,637,8000000.0,60,Diego
46,Grupo Río S.A.,Revendedor,Consumo masivo,Neuquén,2020-08-19,8,678,8000000.0,45,Lucía
47,Agencia Cumbre S.R.L.,Revendedor,Automotriz,CABA,2024-02-09,25,841,3000000.0,15,Martín
48,Importadora Pampa S.A.,PyME,Retail,CABA,2019-06-17,5,575,8000000.0,15,Valentina
49,Grupo Andina S.R.L.,PyME,Agro,Buenos Aires,2023-01-26,136,580,5000000.0,30,Sofía
50,Grupo Atlas S.A.S.,Corporativo,Servicios financieros,CABA,2024-02-25,716,662,120000000.0,90,Diego
51,Logística Horizonte S.A.S.,Corporativo,Retail,Córdoba,2022-03-14,1948,684,30000000.0,90,Sofía
52,Servicios Ceibo S.R.L.,PyME,Gastronomía,Santa Fe,2025-05-13,134,599,20000000.0,45,Valentina
53,Distribuidora Ceibo S.A.S.,Agencia,Educación,CABA,2025-11-18,14,520,5000000.0,30,Lucía
54,Importadora Ceibo S.A.,Revendedor,Gastronomía,Córdoba,2025-07-23,5,841,5000000.0,30,Diego
55,Consultora Central S.A.,PyME,Consumo masivo,CABA,2021-05-19,19,488,20000000.0,30,Diego
56,Logística Central S.A.,PyME,Servicios financieros,Tucumán,2025-09-25,48,646,8000000.0,45,Lucía
57,Comercial Ceibo S.A.,Agencia,Educación,CABA,2023-03-16,14,501,10000000.0,30,Valentina
58,Distribuidora Nexo S.A.S.,Corporativo,Agro,Neuquén,2022-02-19,2091,636,30000000.0,90,Sofía
59,Industrias Andina S.A.S.,PyME,Educación,Buenos Aires,2022-12-05,68,568,10000000.0,0,Valentina
60,Comercial Atlas S.A.,PyME,Construcción,Buenos Aires,2019-06-13,94,710,20000000.0,45,Martín
61,Agencia Río S.A.,Corporativo,Agro,CABA,2026-04-14,614,698,50000000.0,60,Valentina
62,Servicios Cumbre S.A.,PyME,Servicios financieros,Buenos Aires,2022-02-15,125,706,8000000.0,30,Valentina
63,Grupo Prisma S.A.,PyME,Construcción,Santa Fe,2019-08-27,74,482,5000000.0,60,Sofía
64,Servicios Faro S.A.S.,Agencia,Gastronomía,CABA,2018-11-21,42,881,8000000.0,30,Diego
65,Grupo Patagonia S.R.L.,PyME,Servicios financieros,Buenos Aires,2026-01-22,136,617,5000000.0,30,Lucía
66,Distribuidora Nexo S.A.,PyME,Educación,Buenos Aires,2026-03-31,31,691,8000000.0,60,Martín
67,Distribuidora Pampa S.A.,PyME,Servicios financieros,Neuquén,2023-04-24,136,718,10000000.0,60,Martín
68,Estudio Faro S.R.L.,Revendedor,Consumo masivo,Buenos Aires,2026-02-26,7,400,8000000.0,15,Lucía
69,Importadora Horizonte S.R.L.,PyME,Gastronomía,Buenos Aires,2022-01-28,24,652,5000000.0,30,Martín
70,Estudio Nexo S.R.L.,PyME,Agro,CABA,2022-06-19,40,599,10000000.0,15,Martín
71,Estudio Delta S.A.S.,PyME,Agro,CABA,2025-12-16,86,702,20000000.0,15,Sofía
72,Industrias Órbita S.A.S.,PyME,Construcción,Buenos Aires,2018-09-27,38,653,8000000.0,30,Valentina
73,Importadora Delta S.A.,PyME,Automotriz,Buenos Aires,2021-05-30,36,936,8000000.0,60,Martín
74,Importadora Brújula S.A.,PyME,Educación,Buenos Aires,2018-06-18,91,798,20000000.0,60,Diego
75,Agencia Vértice S.R.L.,PyME,Agro,CABA,2023-06-07,45,534,8000000.0,30,Martín
76,Comercial Patagonia S.A.,PyME,Educación,CABA,2021-09-03,112,992,20000000.0,15,Diego
77,Importadora Faro S.R.L.,PyME,Servicios financieros,Santa Fe,2026-02-27,115,618,20000000.0,0,Valentina
78,Industrias Río S.A.,PyME,Educación,Córdoba,2018-06-09,133,862,10000000.0,30,Valentina
79,Industrias Prisma S.A.S.,PyME,Gastronomía,Buenos Aires,2022-02-17,81,810,10000000.0,45,Diego
80,Importadora Patagonia S.A.,Corporativo,Construcción,CABA,2025-09-29,1484,728,30000000.0,90,Diego
81,Consultora Atlas S.A.S.,PyME,Construcción,Neuquén,2020-02-27,72,718,10000000.0,30,Lucía
82,Distribuidora Central S.A.S.,Corporativo,Agro,CABA,2020-05-26,2011,794,50000000.0,30,Sofía
83,Comercial del Sur S.A.S.,Revendedor,Consumo masivo,CABA,2023-05-10,32,605,3000000.0,30,Diego
84,Servicios Norte S.A.,PyME,Servicios financieros,CABA,2023-02-05,32,778,10000000.0,60,Lucía
85,Consultora Atlas S.A.,PyME,Automotriz,Buenos Aires,2021-08-18,52,632,8000000.0,30,Lucía
86,Grupo Central S.R.L.,PyME,Gastronomía,CABA,2023-02-07,39,537,8000000.0,45,Sofía
87,Distribuidora Órbita S.A.S.,PyME,Educación,Buenos Aires,2023-11-02,43,779,20000000.0,45,Sofía
88,Logística Litoral S.A.,Agencia,Retail,Santa Fe,2021-11-12,5,439,8000000.0,15,Lucía
89,Logística Cumbre S.R.L.,PyME,Educación,CABA,2019-05-01,143,,15000000.0,15,Martín
90,Logística Ceibo S.A.,PyME,Gastronomía,CABA,2023-01-03,30,509,20000000.0,15,Lucía
91,Importadora Ceibo S.A.S.,Agencia,Automotriz,Córdoba,2025-05-28,59,547,10000000.0,30,Lucía
92,Logística Horizonte S.A.,PyME,Tecnología,CABA,2020-07-12,142,747,20000000.0,15,Diego
93,Agencia Norte S.R.L.,PyME,Salud,Buenos Aires,2020-02-10,15,663,8000000.0,60,Valentina
94,Agencia Vértice S.A.,PyME,Salud,Buenos Aires,2025-04-11,102,844,10000000.0,30,Martín
95,Distribuidora Litoral S.A.S.,Revendedor,Automotriz,CABA,2020-03-14,11,723,3000000.0,60,Diego
96,Comercial Órbita S.A.S.,Revendedor,Automotriz,CABA,2025-06-30,6,580,8000000.0,60,Diego
97,Distribuidora del Sur S.A.S.,Agencia,Salud,CABA,2025-10-29,4,448,3000000.0,30,Lucía
98,Grupo Norte S.A.,PyME,Gastronomía,Córdoba,2025-02-21,146,794,20000000.0,15,Diego
99,Servicios Órbita S.A.S.,Agencia,Tecnología,Neuquén,2024-08-01,4,778,8000000.0,60,Valentina
100,Logística Austral S.A.,PyME,Salud,CABA,2018-05-02,106,731,15000000.0,0,Sofía
101,Grupo Litoral S.A.,PyME,Retail,,2021-07-21,44,581,10000000.0,30,Diego
102,Logística Delta S.A.,PyME,Retail,CABA,2019-11-16,131,698,15000000.0,0,Lucía
103,Estudio Atlas S.R.L.,Agencia,Automotriz,CABA,2024-10-06,22,712,3000000.0,45,Sofía
104,Estudio Pampa S.R.L.,Agencia,Retail,Tucumán,2019-07-25,46,676,10000000.0,45,Valentina
105,Consultora Ceibo S.A.S.,Revendedor,Tecnología,CABA,2019-11-13,24,625,5000000.0,0,Sofía
106,Comercial Nexo S.R.L.,PyME,Salud,Tucumán,2023-05-05,138,748,5000000.0,60,Valentina
107,Comercial Órbita S.A.,PyME,Tecnología,Santa Fe,2025-01-23,123,726,5000000.0,30,Valentina
108,Industrias Atlas S.A.,PyME,Construcción,CABA,2024-09-11,130,596,10000000.0,30,Lucía
109,Comercial Prisma S.R.L.,PyME,Retail,CABA,2023-06-17,103,597,15000000.0,0,Valentina
110,Consultora Faro S.R.L.,Agencia,Educación,Buenos Aires,2018-12-05,34,607,10000000.0,45,Valentina
111,Industrias Órbita S.A.,Agencia,Servicios financieros,Buenos Aires,2019-02-24,16,618,3000000.0,15,Valentina
112,Logística Delta S.A.S.,Corporativo,Consumo masivo,Santa Fe,2024-05-24,1046,783,80000000.0,45,Lucía
113,Comercial Río S.A.,Corporativo,Consumo masivo,CABA,2023-06-28,1519,906,120000000.0,90,Sofía
114,Estudio Nexo S.A.,Agencia,Consumo masivo,Santa Fe,2023-07-20,30,767,3000000.0,0,Sofía
115,Comercial Cumbre S.R.L.,Corporativo,Agro,,2025-04-16,1952,722,80000000.0,30,Sofía
116,Comercial Brújula S.A.,PyME,Construcción,Santa Fe,2019-05-09,7,723,10000000.0,30,Martín
117,Grupo Prisma S.A.S.,Corporativo,Salud,Buenos Aires,2026-02-07,2862,725,120000000.0,45,Valentina
118,Importadora Central S.A.S.,Corporativo,Automotriz,Buenos Aires,2024-10-21,2896,702,50000000.0,45,Sofía
119,Comercial Faro S.A.,Corporativo,Salud,Buenos Aires,2018-06-13,476,619,120000000.0,30,Martín
120,Consultora Atlas S.R.L.,PyME,Agro,,2026-03-09,21,485,5000000.0,60,Lucía
121,Consultora Prisma S.A.S.,PyME,Servicios financieros,Buenos Aires,2026-03-22,37,272,15000000.0,0,Martín
122,Servicios Patagonia S.A.S.,Agencia,Servicios financieros,Buenos Aires,2018-01-11,50,847,3000000.0,15,Lucía
123,Grupo Brújula S.R.L.,Corporativo,Salud,Neuquén,2023-10-14,2957,,50000000.0,90,Valentina
124,Logística del Sur S.A.,PyME,Salud,CABA,2025-05-16,7,748,15000000.0,60,Valentina
125,Grupo Brújula S.A.,PyME,Gastronomía,CABA,2024-05-14,105,849,10000000.0,15,Sofía
126,Estudio Cumbre S.R.L.,PyME,Retail,Neuquén,2023-01-26,96,543,8000000.0,0,Valentina
127,Comercial del Sur S.R.L.,Revendedor,Agro,CABA,2023-03-08,8,717,5000000.0,0,Martín
128,Grupo Atlas S.A.,Corporativo,Automotriz,Buenos Aires,2022-11-10,2088,778,80000000.0,45,Diego
129,Distribuidora Andina S.R.L.,PyME,Salud,CABA,2020-10-17,56,736,10000000.0,30,Sofía
130,Servicios Norte S.R.L.,PyME,Servicios financieros,Buenos Aires,2020-10-12,64,667,20000000.0,15,Valentina
131,Importadora Río S.A.S.,Revendedor,Tecnología,Tucumán,2023-07-02,13,500,2000000.0,15,Valentina
132,Industrias Andina S.R.L.,Agencia,Retail,Santa Fe,2021-10-10,40,597,5000000.0,15,Lucía
133,Servicios Río S.A.,Agencia,Tecnología,Mendoza,2018-05-13,57,805,5000000.0,30,Lucía
134,Estudio del Sur S.R.L.,PyME,Gastronomía,Santa Fe,2026-01-29,94,734,15000000.0,0,Martín
135,Comercial Cumbre S.A.,Agencia,Tecnología,CABA,2020-12-05,4,839,10000000.0,45,Lucía
136,Consultora Órbita S.R.L.,Agencia,Educación,CABA,2022-05-29,9,561,10000000.0,0,Sofía
137,Estudio Patagonia S.R.L.,Agencia,Tecnología,Córdoba,2019-01-09,60,646,8000000.0,15,Lucía
138,Consultora Horizonte S.A.S.,PyME,Construcción,Santa Fe,2022-09-11,104,,5000000.0,15,Sofía
139,Logística Andina S.A.S.,PyME,Gastronomía,Buenos Aires,2020-11-22,42,809,20000000.0,30,Sofía
140,Servicios Órbita S.R.L.,Revendedor,Educación,Córdoba,2024-06-01,33,468,5000000.0,60,Lucía
141,Distribuidora Atlas S.R.L.,PyME,Automotriz,Santa Fe,2019-07-05,30,785,8000000.0,45,Martín
142,Grupo Central S.A.S.,PyME,Tecnología,Buenos Aires,2018-04-29,139,,10000000.0,30,Sofía
143,Importadora Cumbre S.A.,Revendedor,Salud,Santa Fe,2019-11-01,24,394,3000000.0,60,Lucía
144,Servicios Horizonte S.R.L.,Revendedor,Educación,CABA,2021-05-22,31,597,5000000.0,60,Lucía
145,Servicios Litoral S.A.S.,Agencia,Gastronomía,Córdoba,2023-10-20,15,580,8000000.0,30,Valentina
146,Agencia Atlas S.A.S.,Agencia,Salud,Córdoba,2023-09-09,45,699,8000000.0,60,Lucía
147,Agencia Central S.R.L.,Agencia,Construcción,CABA,2021-04-19,19,513,3000000.0,45,Martín
148,Agencia Atlas S.R.L.,Revendedor,Construcción,Santa Fe,2018-11-28,13,,3000000.0,30,Valentina
149,Logística Horizonte S.R.L.,PyME,Educación,CABA,2023-12-27,103,776,5000000.0,15,Diego
150,Industrias Horizonte S.A.S.,Revendedor,Automotriz,CABA,2019-11-07,14,826,2000000.0,30,Valentina
151,Grupo del Sur S.A.,Agencia,Educación,Buenos Aires,2024-02-20,27,761,5000000.0,0,Sofía
152,Grupo Faro S.A.,PyME,Gastronomía,Tucumán,2025-11-21,138,623,10000000.0,0,Diego
153,Comercial Andina S.A.S.,Corporativo,Servicios financieros,CABA,2023-02-14,614,685,30000000.0,45,Diego
154,Importadora Litoral S.A.S.,Corporativo,Gastronomía,Buenos Aires,2022-06-28,1603,896,30000000.0,30,Diego
155,Comercial Ceibo S.R.L.,Agencia,Retail,Buenos Aires,2023-06-02,58,635,3000000.0,60,Martín
156,Consultora Ceibo S.A.,Corporativo,Servicios financieros,Buenos Aires,2023-07-24,842,629,50000000.0,90,Sofía
157,Estudio del Sur S.A.,PyME,Gastronomía,Santa Fe,2019-01-08,147,548,10000000.0,30,Diego
158,Industrias Cumbre S.A.,Corporativo,Salud,Buenos Aires,2021-12-25,2898,610,30000000.0,90,Sofía
159,Logística Pampa S.R.L.,Agencia,Gastronomía,Tucumán,2018-07-10,9,704,10000000.0,45,Martín
160,Comercial Patagonia S.R.L.,Agencia,Automotriz,CABA,2022-09-11,35,716,10000000.0,60,Martín
161,Agencia Pampa S.A.S.,Agencia,Construcción,CABA,2023-08-26,48,628,8000000.0,0,Sofía
162,Distribuidora Pampa S.R.L.,Agencia,Educación,Santa Fe,2019-08-23,46,,5000000.0,15,Sofía
163,Logística Vértice S.R.L.,Revendedor,Tecnología,Neuquén,2026-05-05,2,728,3000000.0,30,Martín
164,Comercial Prisma S.A.,PyME,Construcción,CABA,2019-06-17,76,708,15000000.0,60,Valentina
165,Logística Órbita S.A.S.,PyME,Gastronomía,Buenos Aires,2025-06-10,61,477,5000000.0,15,Martín
166,Consultora Nexo S.A.S.,Agencia,Construcción,CABA,2025-04-22,5,738,5000000.0,60,Sofía
167,Estudio Atlas S.A.,Corporativo,Educación,Buenos Aires,2024-04-04,422,794,30000000.0,30,Lucía
168,Importadora Andina S.R.L.,Agencia,Tecnología,Buenos Aires,2023-04-26,28,847,8000000.0,0,Sofía
169,Distribuidora Brújula S.A.S.,PyME,Automotriz,Mendoza,2026-05-24,26,460,8000000.0,60,Diego
170,Consultora Andina S.R.L.,Agencia,Servicios financieros,Buenos Aires,2023-06-19,15,552,8000000.0,60,Lucía
171,Industrias Austral S.A.,Agencia,Tecnología,Buenos Aires,2019-07-05,20,657,5000000.0,30,Sofía
172,Consultora del Sur S.A.S.,PyME,Servicios financieros,CABA,2020-12-03,59,622,20000000.0,30,Valentina
173,Distribuidora Austral S.A.S.,Agencia,Servicios financieros,Tucumán,2020-01-04,31,828,5000000.0,60,Diego
174,Estudio Cumbre S.A.,Corporativo,Retail,CABA,2025-02-08,2856,665,120000000.0,90,Lucía
175,Industrias Faro S.R.L.,Revendedor,Agro,Córdoba,2022-12-07,10,782,5000000.0,60,Martín
176,Importadora Delta S.A.S.,Agencia,Educación,Buenos Aires,2024-06-07,5,705,5000000.0,45,Sofía
177,Estudio Faro S.A.,PyME,Automotriz,Mendoza,2020-01-15,41,665,15000000.0,0,Diego
178,Comercial Faro S.A.S.,PyME,Agro,Buenos Aires,2019-01-17,133,691,20000000.0,0,Diego
179,Industrias Brújula S.A.S.,Revendedor,Retail,Santa Fe,2020-11-08,10,786,8000000.0,60,Lucía
180,Grupo Río S.R.L.,Agencia,Retail,Santa Fe,2022-10-01,57,683,10000000.0,30,Martín
181,Grupo Austral S.R.L.,Agencia,Tecnología,CABA,2022-06-29,16,653,10000000.0,0,Valentina
182,Distribuidora Vértice S.R.L.,PyME,Salud,CABA,2018-08-24,78,617,8000000.0,45,Sofía
183,Logística Nexo S.A.S.,PyME,Retail,CABA,2026-04-07,56,457,8000000.0,30,Valentina
184,Consultora Central S.R.L.,Revendedor,Salud,CABA,2024-06-12,36,664,2000000.0,30,Martín
185,Industrias Horizonte S.R.L.,PyME,Educación,Córdoba,2019-01-16,72,733,8000000.0,60,Martín
186,Agencia Pampa S.A.,Agencia,Automotriz,Buenos Aires,2019-05-07,52,755,8000000.0,45,Lucía
187,Logística Austral S.A.S.,Corporativo,Educación,Buenos Aires,2018-05-14,2353,886,30000000.0,30,Martín
188,Consultora Litoral S.A.,PyME,Automotriz,Santa Fe,2023-08-05,92,723,8000000.0,0,Diego
189,Logística Pampa S.A.,Agencia,Educación,CABA,2019-12-25,54,744,3000000.0,0,Diego
190,Grupo Cumbre S.A.S.,PyME,Agro,Santa Fe,2020-11-21,97,717,10000000.0,60,Sofía
191,Logística Ceibo S.R.L.,PyME,Retail,Neuquén,2022-09-24,47,538,10000000.0,60,Martín
192,Comercial del Sur S.A.,Agencia,Retail,CABA,2020-05-12,50,758,3000000.0,30,Lucía
193,Agencia Austral S.A.S.,PyME,Servicios financieros,Buenos Aires,2019-11-30,37,803,20000000.0,45,Diego
194,Consultora Austral S.A.,PyME,Gastronomía,Santa Fe,2021-05-28,110,837,15000000.0,0,Martín
195,Distribuidora Órbita S.R.L.,PyME,Educación,CABA,2019-10-31,116,409,10000000.0,15,Sofía
196,Estudio Ceibo S.R.L.,PyME,Servicios financieros,Buenos Aires,2018-03-21,130,662,15000000.0,0,Diego
197,Servicios Faro S.R.L.,PyME,Salud,Neuquén,2018-08-18,89,811,5000000.0,30,Diego
198,Agencia Faro S.R.L.,Agencia,Educación,,2026-05-09,13,579,5000000.0,30,Valentina
199,Grupo Vértice S.A.,Corporativo,Automotriz,CABA,2019-09-27,372,655,30000000.0,30,Lucía
200,Estudio Pampa S.A.,Agencia,Tecnología,Buenos Aires,2023-06-11,19,524,10000000.0,45,Valentina
201,Estudio del Sur S.A.S.,PyME,Automotriz,CABA,2024-12-15,9,709,20000000.0,30,Sofía
202,Distribuidora Río S.A.,Revendedor,Salud,CABA,2019-02-09,14,880,3000000.0,45,Diego
203,Distribuidora Ceibo S.R.L.,PyME,Retail,Córdoba,2023-10-29,82,747,20000000.0,60,Sofía
204,Comercial Delta S.A.S.,PyME,Educación,Tucumán,2022-12-20,45,720,20000000.0,30,Lucía
205,Distribuidora Norte S.R.L.,PyME,Gastronomía,CABA,2018-01-27,39,790,5000000.0,30,Martín
206,Agencia Litoral S.R.L.,Corporativo,Servicios financieros,CABA,2026-02-11,1837,759,30000000.0,90,Lucía
207,Agencia Ceibo S.A.,PyME,Construcción,Buenos Aires,2023-11-18,102,791,15000000.0,30,Lucía
208,Grupo Faro S.A.S.,Agencia,Servicios financieros,Santa Fe,2022-06-21,19,610,5000000.0,15,Valentina
209,Grupo Patagonia S.A.S.,PyME,Tecnología,CABA,2021-11-12,94,476,15000000.0,15,Sofía
210,Comercial Central S.A.,PyME,Consumo masivo,Córdoba,2018-04-04,83,582,20000000.0,30,Lucía
211,Comercial Norte S.R.L.,PyME,Automotriz,Neuquén,2025-05-05,74,568,10000000.0,15,Sofía
212,Servicios Atlas S.R.L.,PyME,Construcción,Buenos Aires,2021-12-26,9,661,20000000.0,15,Sofía
213,Logística Prisma S.A.S.,PyME,Construcción,Buenos Aires,2024-06-04,63,824,10000000.0,15,Lucía
214,Grupo Órbita S.A.S.,Revendedor,Gastronomía,Santa Fe,2026-02-26,11,766,2000000.0,15,Valentina
215,Servicios Ceibo S.A.S.,PyME,Consumo masivo,CABA,2022-01-11,64,672,15000000.0,15,Lucía
216,Agencia Horizonte S.R.L.,Agencia,Salud,CABA,2022-06-03,49,678,3000000.0,30,Valentina
217,Consultora Vértice S.A.S.,Corporativo,Construcción,Buenos Aires,2020-02-17,1786,732,30000000.0,90,Valentina
218,Consultora Río S.R.L.,PyME,Automotriz,Buenos Aires,2024-08-14,11,481,5000000.0,60,Diego
219,Logística Órbita S.R.L.,Corporativo,Automotriz,Mendoza,2019-10-27,899,631,50000000.0,30,Sofía
220,Importadora Faro S.A.,PyME,Consumo masivo,CABA,2022-12-15,126,803,5000000.0,0,Valentina
221,Importadora Central S.R.L.,Revendedor,Tecnología,Buenos Aires,2019-10-23,13,642,5000000.0,30,Diego
222,Estudio Río S.A.,Agencia,Gastronomía,CABA,2023-11-19,36,621,8000000.0,45,Valentina
223,Industrias Río S.A.S.,PyME,Salud,Buenos Aires,2024-11-01,132,598,20000000.0,0,Sofía
224,Distribuidora Patagonia S.A.S.,PyME,Automotriz,CABA,2019-12-21,150,811,15000000.0,30,Lucía
225,Importadora Atlas S.A.S.,PyME,Servicios financieros,Mendoza,2018-09-29,89,796,10000000.0,30,Diego
226,Servicios Pampa S.A.S.,PyME,Consumo masivo,CABA,2020-04-07,100,824,10000000.0,45,Diego
227,Logística Prisma S.A.,Corporativo,Gastronomía,CABA,2018-07-08,380,860,80000000.0,45,Valentina
228,Consultora Patagonia S.A.,PyME,Retail,CABA,2025-11-25,86,436,5000000.0,30,Sofía
229,Grupo Horizonte S.R.L.,PyME,Agro,Buenos Aires,2021-07-03,119,906,5000000.0,30,Diego
230,Importadora Litoral S.R.L.,PyME,Servicios financieros,Santa Fe,2023-01-31,89,652,10000000.0,30,Valentina
231,Estudio Vértice S.A.S.,PyME,Automotriz,Buenos Aires,2023-05-30,67,769,8000000.0,0,Sofía
232,Estudio Delta S.R.L.,Revendedor,Agro,Buenos Aires,2022-04-02,40,478,8000000.0,45,Martín
233,Logística Río S.R.L.,Corporativo,Retail,CABA,2022-01-11,2448,680,120000000.0,45,Lucía
234,Estudio Horizonte S.A.,Corporativo,Agro,CABA,2025-10-19,2830,549,120000000.0,45,Martín
235,Consultora Litoral S.R.L.,Revendedor,Tecnología,Córdoba,2024-05-16,4,734,2000000.0,15,Valentina
236,Distribuidora Atlas S.A.S.,Agencia,Consumo masivo,CABA,2024-06-08,35,601,8000000.0,60,Lucía
237,Importadora del Sur S.R.L.,PyME,Servicios financieros,Mendoza,2020-10-29,134,723,10000000.0,15,Sofía
238,Estudio Horizonte S.R.L.,PyME,Construcción,Buenos Aires,2026-03-27,47,520,20000000.0,60,Valentina
239,Servicios Patagonia S.R.L.,Agencia,Servicios financieros,Córdoba,2026-03-27,52,,3000000.0,0,Martín
240,Servicios Litoral S.A.,Corporativo,Agro,Tucumán,2025-05-13,2737,738,50000000.0,60,Lucía
241,Industrias Norte S.R.L.,Revendedor,Agro,Córdoba,2023-07-08,6,474,2000000.0,0,Sofía
242,Estudio Río S.A.S.,PyME,Agro,Buenos Aires,2025-11-07,104,415,15000000.0,45,Sofía
243,Importadora Órbita S.R.L.,PyME,Servicios financieros,CABA,2022-02-05,107,562,15000000.0,60,Diego
244,Agencia del Sur S.A.S.,Revendedor,Gastronomía,Buenos Aires,2024-01-24,6,441,8000000.0,60,Martín
245,Distribuidora Faro S.A.S.,Corporativo,Retail,Buenos Aires,2025-02-04,2857,872,30000000.0,30,Lucía
246,Grupo Brújula S.A.S.,Corporativo,Gastronomía,Santa Fe,2021-10-06,1073,900,50000000.0,45,Diego
247,Comercial Litoral S.A.S.,PyME,Educación,Córdoba,2024-09-08,49,835,20000000.0,30,Sofía
248,Agencia Patagonia S.A.,Agencia,Agro,Santa Fe,2025-07-07,14,674,3000000.0,45,Valentina
249,Grupo Andina S.A.,Agencia,Construcción,Mendoza,2026-05-19,29,667,3000000.0,45,Martín
250,Logística Nexo S.A.,PyME,Gastronomía,Buenos Aires,2021-10-07,96,757,15000000.0,15,Martín
251,Importadora Órbita S.A.,Corporativo,Agro,CABA,2024-08-20,2337,663,50000000.0,90,Valentina
252,Distribuidora Horizonte S.A.S.,PyME,Agro,CABA,2018-12-07,120,699,8000000.0,30,Valentina
253,Grupo Vértice S.A.S.,PyME,Servicios financieros,CABA,2025-10-30,80,360,5000000.0,30,Martín
254,Consultora Andina S.A.S.,Agencia,Agro,CABA,2024-01-20,24,782,10000000.0,0,Valentina
255,Consultora Patagonia S.R.L.,Agencia,Tecnología,Neuquén,2023-01-26,60,768,3000000.0,15,Martín
256,Agencia Prisma S.A.S.,Corporativo,Automotriz,Córdoba,2021-11-21,1906,647,80000000.0,90,Diego
257,Estudio Central S.A.S.,Corporativo,Servicios financieros,CABA,2020-07-17,1455,832,80000000.0,45,Valentina
258,Industrias Delta S.A.,PyME,Automotriz,,2022-03-08,86,,8000000.0,15,Valentina
259,Industrias Central S.R.L.,Revendedor,Educación,Santa Fe,2026-03-04,38,376,3000000.0,45,Martín
260,Distribuidora Andina S.A.S.,Agencia,Servicios financieros,CABA,2020-03-07,35,779,10000000.0,30,Lucía
261,Estudio Órbita S.A.,PyME,Gastronomía,CABA,2021-03-28,111,739,8000000.0,45,Diego
262,Grupo del Sur S.R.L.,PyME,Consumo masivo,Buenos Aires,2023-03-08,111,576,5000000.0,30,Sofía
263,Comercial Litoral S.R.L.,Revendedor,Tecnología,Buenos Aires,2022-09-05,20,762,8000000.0,30,Lucía
264,Consultora Brújula S.A.,Agencia,Construcción,CABA,2023-03-04,12,691,3000000.0,60,Valentina
265,Industrias Atlas S.A.S.,Agencia,Automotriz,CABA,2024-07-03,9,656,5000000.0,45,Valentina
266,Estudio Andina S.A.,Agencia,Construcción,CABA,2025-10-01,25,623,8000000.0,60,Martín
267,Distribuidora Patagonia S.A.,Revendedor,Salud,Buenos Aires,2018-04-30,24,828,2000000.0,45,Lucía
268,Grupo Pampa S.A.S.,Revendedor,Agro,CABA,2020-01-29,39,624,8000000.0,0,Sofía
269,Industrias Central S.A.S.,Agencia,Agro,CABA,2022-04-26,34,638,3000000.0,60,Sofía
270,Logística Cumbre S.A.S.,Agencia,Salud,Buenos Aires,2022-06-29,12,689,8000000.0,45,Diego
271,Estudio Litoral S.A.S.,Agencia,Consumo masivo,CABA,2021-12-29,51,650,10000000.0,60,Sofía
272,Logística Ceibo S.A.S.,PyME,Consumo masivo,Neuquén,2025-05-31,29,754,20000000.0,45,Diego
273,Industrias Vértice S.R.L.,PyME,Retail,Buenos Aires,2025-12-02,50,665,15000000.0,30,Valentina
274,Distribuidora Río S.R.L.,PyME,Servicios financieros,CABA,2022-04-08,11,701,8000000.0,60,Martín
275,Distribuidora Cumbre S.A.S.,Revendedor,Servicios financieros,Santa Fe,2020-12-28,28,729,5000000.0,30,Martín
276,Servicios Brújula S.R.L.,Agencia,Retail,CABA,2019-01-24,48,670,8000000.0,30,Diego
277,Distribuidora Prisma S.A.,PyME,Tecnología,Santa Fe,2024-11-21,124,699,8000000.0,30,Martín
278,Logística Litoral S.R.L.,PyME,Consumo masivo,CABA,2019-04-11,65,714,8000000.0,30,Diego
279,Distribuidora Norte S.A.,PyME,Servicios financieros,CABA,2022-01-28,21,628,20000000.0,0,Lucía
280,Importadora Vértice S.A.S.,Agencia,Construcción,Neuquén,2019-12-19,12,737,8000000.0,30,Lucía
281,Distribuidora Austral S.R.L.,PyME,Retail,Buenos Aires,2023-12-31,97,373,8000000.0,15,Sofía
282,Servicios Andina S.R.L.,PyME,Construcción,Buenos Aires,2019-02-16,90,688,15000000.0,60,Sofía
283,Logística Pampa S.A.S.,PyME,Servicios financieros,Buenos Aires,2020-10-19,26,814,15000000.0,30,Lucía
284,Agencia Andina S.R.L.,PyME,Tecnología,CABA,2020-07-08,101,560,8000000.0,45,Lucía
285,Distribuidora Prisma S.R.L.,Agencia,Retail,Buenos Aires,2026-01-01,10,698,5000000.0,60,Martín
286,Agencia Ceibo S.R.L.,Revendedor,Salud,CABA,2023-04-05,2,718,2000000.0,0,Diego
287,Industrias Ceibo S.A.S.,Revendedor,Automotriz,CABA,2023-08-29,18,629,5000000.0,30,Diego
288,Comercial Atlas S.A.S.,Revendedor,Automotriz,Neuquén,2018-08-06,30,692,8000000.0,0,Diego
289,Grupo Pampa S.R.L.,PyME,Servicios financieros,CABA,2024-04-26,135,637,10000000.0,60,Valentina
290,Distribuidora Atlas S.A.,Agencia,Construcción,Buenos Aires,2019-06-14,49,656,3000000.0,15,Sofía
291,Servicios Ceibo S.A.,PyME,Salud,Neuquén,2023-06-29,99,705,15000000.0,0,Martín
292,Estudio Prisma S.A.S.,PyME,Retail,Buenos Aires,2018-11-21,79,874,20000000.0,0,Sofía
293,Estudio Brújula S.R.L.,PyME,Construcción,CABA,2018-03-08,25,759,10000000.0,45,Martín
294,Grupo Horizonte S.A.S.,Corporativo,Salud,CABA,2025-05-10,1817,805,120000000.0,60,Sofía
295,Agencia Faro S.A.S.,Corporativo,Gastronomía,CABA,2020-02-21,1190,920,120000000.0,90,Diego
296,Estudio Brújula S.A.S.,Agencia,Retail,CABA,2023-06-15,34,849,3000000.0,45,Diego
297,Industrias Cumbre S.A.S.,PyME,Servicios financieros,Córdoba,2023-04-07,78,629,8000000.0,30,Diego
298,Servicios Andina S.A.S.,PyME,Retail,CABA,2023-07-09,56,,10000000.0,45,Sofía
299,Importadora Austral S.A.,PyME,Tecnología,Buenos Aires,2018-07-11,71,768,15000000.0,0,Valentina
300,Industrias Delta S.A.S.,PyME,Educación,CABA,2019-09-24,134,515,5000000.0,30,Lucía
